1023,5/11 19:40 8
1023,5/11 19:40 9
1023,5/11 19:40 10
1023,5/11 19:40 11
1023,5/11 19:40 12
1022,5/11 19:40 13
1023,5/11 19:40 14
1022,5/11 19:40 15
1023,5/11 19:40 16
1023,5/11 19:40 17
1023,5/11 19:40 18
1023,5/11 19:40 19
1023,5/11 19:40 20
1023,5/11 19:40 21
1022,5/11 19:40 22
1022,5/11 19:40 23
1023,5/11 19:40 24
1023,5/11 19:40 25
1022,5/11 19:40 26
1023,5/11 19:40 27
1023,5/11 19:40 28
1023,5/11 19:40 29
1023,5/11 19:40 30
1023,5/11 19:40 31
1022,5/11 19:40 32
1023,5/11 19:40 33
1023,5/11 19:40 34
1023,5/11 19:40 35
1022,5/11 19:40 36
1023,5/11 19:40 37
1023,5/11 19:40 38
1023,5/11 19:40 39
1023,5/11 19:40 40
1023,5/11 19:40 41
1023,5/11 19:40 42
1022,5/11 19:40 43
1023,5/11 19:40 44
1022,5/11 19:40 45
1022,5/11 19:40 46
1023,5/11 19:40 47
1023,5/11 19:40 48
1023,5/11 19:40 49
1023,5/11 19:40 50
1023,5/11 19:40 51
1023,5/11 19:40 52
1023,5/11 19:40 53
32,5/11 19:40 54
1023,5/11 19:40 55
1023,5/11 19:40 56
1023,5/11 19:40 57
1022,5/11 19:40 58
1023,5/11 19:40 59
1022,5/11 19:41 0
1023,5/11 19:41 1
1023,5/11 19:41 2
1023,5/11 19:41 3
1023,5/11 19:41 4
1022,5/11 19:41 5
1023,5/11 19:41 6
1022,5/11 19:41 7
1023,5/11 19:41 8
1023,5/11 19:41 9
1022,5/11 19:41 10
1023,5/11 19:41 11
1022,5/11 19:41 12
1023,5/11 19:41 13
1022,5/11 19:41 14
1023,5/11 19:41 15
1022,5/11 19:41 16
1023,5/11 19:41 17
1022,5/11 19:41 18
1023,5/11 19:41 19
1022,5/11 19:41 20
1023,5/11 19:41 21
1023,5/11 19:41 22
1023,5/11 19:41 23
1023,5/11 19:41 24
1023,5/11 19:41 25
1022,5/11 19:41 26
1023,5/11 19:41 27
1023,5/11 19:41 28
1023,5/11 19:41 29
1023,5/11 19:41 30
1023,5/11 19:41 31
1023,5/11 19:41 32
1022,5/11 19:41 33
1022,5/11 19:41 34
1023,5/11 19:41 35
1023,5/11 19:41 36
1022,5/11 19:41 37
1023,5/11 19:41 38
1023,5/11 19:41 39
1022,5/11 19:41 40
1022,5/11 19:41 41
1023,5/11 19:41 42
1022,5/11 19:41 43
1023,5/11 19:41 44
1022,5/11 19:41 45
1023,5/11 19:41 46
1023,5/11 19:41 47
1023,5/11 19:41 48
1023,5/11 19:41 49
1023,5/11 19:41 50
1023,5/11 19:41 51
1023,5/11 19:41 52
1023,5/11 19:41 53
1023,5/11 19:41 54
1022,5/11 19:41 55
1023,5/11 19:41 56
1023,5/11 19:41 57
1023,5/11 19:41 58
1023,5/11 19:41 59
1023,5/11 19:42 0
1023,5/11 19:42 1
1023,5/11 19:42 3
1023,5/11 19:42 3
1023,5/11 19:42 4
1022,5/11 19:42 5
1023,5/11 19:42 6
1023,5/11 19:42 7
1023,5/11 19:42 8
1022,5/11 19:42 9
1023,5/11 19:42 10
1022,5/11 19:42 11
1023,5/11 19:42 12
1023,5/11 19:42 14
1022,5/11 19:42 14
1023,5/11 19:42 15
1023,5/11 19:42 16
1022,5/11 19:42 17
1023,5/11 19:42 18
1023,5/11 19:42 19
1023,5/11 19:42 20
1023,5/11 19:42 21
1022,5/11 19:42 22
1023,5/11 19:42 23
1023,5/11 19:42 24
1023,5/11 19:42 25
1023,5/11 19:42 26
1023,5/11 19:42 27
1023,5/11 19:42 28
1022,5/11 19:42 29
1023,5/11 19:42 30
1023,5/11 19:42 31
1023,5/11 19:42 32
1023,5/11 19:42 33
1022,5/11 19:42 34
35,5/11 19:42 35
1023,5/11 19:42 36
1022,5/11 19:42 37
1022,5/11 19:42 38
1023,5/11 19:42 39
1023,5/11 19:42 40
1023,5/11 19:42 41
1023,5/11 19:42 42
1022,5/11 19:42 43
1022,5/11 19:42 44
1023,5/11 19:42 45
1023,5/11 19:42 46
1023,5/11 19:42 47
1022,5/11 19:42 48
1023,5/11 19:42 49
1023,5/11 19:42 50
1023,5/11 19:42 51
1023,5/11 19:42 52
1022,5/11 19:42 53
1022,5/11 19:42 54
1022,5/11 19:42 55
1023,5/11 19:42 56
36,5/11 19:42 57
1023,5/11 19:42 58
1023,5/11 19:42 59
1022,5/11 19:43 0
1023,5/11 19:43 1
1023,5/11 19:43 2
1023,5/11 19:43 3
1023,5/11 19:43 4
1023,5/11 19:43 5
1023,5/11 19:43 6
1022,5/11 19:43 7
1022,5/11 19:43 8
1023,5/11 19:43 9
1023,5/11 19:43 10
1023,5/11 19:43 11
1022,5/11 19:43 12
1022,5/11 19:43 13
1023,5/11 19:43 14
1023,5/11 19:43 15
1023,5/11 19:43 16
1022,5/11 19:43 17
1023,5/11 19:43 18
1022,5/11 19:43 19
1023,5/11 19:43 20
1022,5/11 19:43 21
1023,5/11 19:43 22
1022,5/11 19:43 23
1022,5/11 19:43 24
1022,5/11 19:43 25
1022,5/11 19:43 26
1023,5/11 19:43 27
1023,5/11 19:43 28
1023,5/11 19:43 29
1022,5/11 19:43 30
1023,5/11 19:43 31
1022,5/11 19:43 32
1023,5/11 19:43 33
1023,5/11 19:43 34
1023,5/11 19:43 35
1023,5/11 19:43 36
1023,5/11 19:43 37
1022,5/11 19:43 38
1023,5/11 19:43 39
1023,5/11 19:43 40
1023,5/11 19:43 41
1023,5/11 19:43 42
1022,5/11 19:43 43
1022,5/11 19:43 44
1022,5/11 19:43 45
1023,5/11 19:43 46
1023,5/11 19:43 47
1023,5/11 19:43 48
1022,5/11 19:43 49
1023,5/11 19:43 50
1023,5/11 19:43 51
1023,5/11 19:43 53
1022,5/11 19:43 54
506,5/11 19:43 55
1023,5/11 19:43 56
1023,5/11 19:43 57
1023,5/11 19:43 58
1023,5/11 19:43 59
1022,5/11 19:44 0
1023,5/11 19:44 1
1023,5/11 19:44 2
1022,5/11 19:44 3
1023,5/11 19:44 4
1022,5/11 19:44 5
1022,5/11 19:44 6
1023,5/11 19:44 7
1022,5/11 19:44 8
1023,5/11 19:44 9
1023,5/11 19:44 10
1022,5/11 19:44 11
1021,5/11 19:44 12
1023,5/11 19:44 13
1022,5/11 19:44 14
1023,5/11 19:44 15
1023,5/11 19:44 16
1023,5/11 19:44 17
1023,5/11 19:44 18
1023,5/11 19:44 19
1023,5/11 19:44 21
1023,5/11 19:44 22
1022,5/11 19:44 23
1023,5/11 19:44 25
1023,5/11 19:44 25
1023,5/11 19:44 26
1023,5/11 19:44 27
1023,5/11 19:44 28
1023,5/11 19:44 29
1022,5/11 19:44 30
1023,5/11 19:44 31
1023,5/11 19:44 32
1022,5/11 19:44 33
1023,5/11 19:44 34
1023,5/11 19:44 35
1023,5/11 19:44 36
1023,5/11 19:44 37
1023,5/11 19:44 38
1023,5/11 19:44 39
1023,5/11 19:44 40
1023,5/11 19:44 41
1022,5/11 19:44 42
1023,5/11 19:44 43
1023,5/11 19:44 44
1023,5/11 19:44 45
1023,5/11 19:44 46
1023,5/11 19:44 47
1023,5/11 19:44 48
1023,5/11 19:44 49
1023,5/11 19:44 50
1023,5/11 19:44 51
1023,5/11 19:44 52
1023,5/11 19:44 53
1023,5/11 19:44 54
1023,5/11 19:44 55
1023,5/11 19:44 56
1022,5/11 19:44 57
1023,5/11 19:44 58
1023,5/11 19:44 59
1023,5/11 19:45 0
1023,5/11 19:45 1
1023,5/11 19:45 2
1023,5/11 19:45 3
1023,5/11 19:45 4
1023,5/11 19:45 5
1022,5/11 19:45 6
1023,5/11 19:45 7
1023,5/11 19:45 9
1023,5/11 19:45 10
1023,5/11 19:45 11
1023,5/11 19:45 12
1023,5/11 19:45 13
1022,5/11 19:45 14
1022,5/11 19:45 15
1022,5/11 19:45 16
1022,5/11 19:45 17
1023,5/11 19:45 18
1023,5/11 19:45 19
1022,5/11 19:45 20
1023,5/11 19:45 21
1022,5/11 19:45 22
1022,5/11 19:45 23
1021,5/11 19:45 24
35,5/11 19:45 25
35,5/11 19:45 26
35,5/11 19:45 27
35,5/11 19:45 28
35,5/11 19:45 29
35,5/11 19:45 30
35,5/11 19:45 31
35,5/11 19:45 32
35,5/11 19:45 33
35,5/11 19:45 34
1023,5/11 19:45 35
1023,5/11 19:45 36
1023,5/11 19:45 37
1023,5/11 19:45 38
1023,5/11 19:45 39
1023,5/11 19:45 40
1022,5/11 19:45 41
